id,name,address,latitude,longitude,hospital_load,facilities,is_active,created_at,ward_name,hospital_type,total_beds,contact,availability_is_simulated
004073c3-0549-43d1-a891-c6315f36ffe5,Citrus Nursing Home,"Sheshwadi, Dharavi",19.1108158,72.8690282,81,"[""Trauma Care"",""ICU"",""Emergency""]",true,2026-10-02 09:12:31.466018+00,G/N,Private,9,9820023473,true
01286c38-696d-41e7-83c0-cac10f5d7c16,V N Desai Municipal Gen Hospital,"Rd Number 11, Golibar, Santacruz East",19.0888480,72.8479720,43,"[""ICU""]",true,2026-10-02 09:12:33.8158+00,H/E,Municipal,276,9869004189,true
035b0c9e-73aa-4522-b1f6-6c2c39bb234d,Vasudha Hospital,"Film City Road, Goregaon",19.9163020,77.0361920,71,"[""Trauma Care""]",true,2026-10-02 09:12:55.039442+00,P/S,Private,10,"2840 3115, 2849 3115",true
03d35a3e-1ab0-4d14-9f23-f8341d04ebb3,"Jagjivanram Hospital, Western Rly","Maratha Mandir Marg, RBI Staff Colony, Mumbai Central",18.9705541,72.8213458,62,"[""ICU""]",true,2026-10-02 09:12:25.504159+00,E,Government,342,"23017841, 23017860",true
03d7b3df-efcd-4776-8773-f08a8ed760c7,Aryan Hospital & ICU,"Kalachowki, Ambawadi",18.9898598,72.8412236,48,"[""Emergency"",""ICU""]",true,2026-10-02 09:12:28.613266+00,F/S,Private,17,"24715061, 9930303950",true
04a669d3-5066-4299-8d81-0ff9ef05367d,Silverline Hospital,"Mhatre Wadi, Dahisar West",19.2493572,72.8596302,14,"[""Emergency"",""ICU""]",true,2026-10-02 09:12:56.494907+00,R/N,Private,11,28920276,true
061be8d9-84e5-4cb4-8e54-c373518e3e33,Holy Family Hospital,"Hill Road, Bandra West",19.0549275,72.8292948,89,"[""ICU"",""Trauma Care""]",true,2026-10-02 09:12:39.143546+00,H/W,Private,232,62670555,true
08c905e6-9148-463a-b4ef-bb7cc3131c9b,Sandhya Nursing Home,"Gulab Park Colony, Chembur",19.0548180,72.8979713,41,"[""ICU""]",true,2026-10-02 09:12:49.139095+00,M/E,Private,14,,true
094aa037-21b2-4d97-9010-c9e902f0d9a7,Heera Monghi Hospital,"Near Kalidas Natya Gruh, Mulund West,",19.1719717,72.9511956,71,"[""Emergency"",""Trauma Care"",""ICU""]",true,2026-10-02 09:13:01.178278+00,T,Private,120,"25915577, 25600550",true
09aad9f4-cdae-4495-8cab-73014dd7b433,Arpan General Hospital,"Brahmanwadi, Kurla West",19.0686951,72.8784051,39,"[""Trauma Care"",""ICU"",""Emergency""]",true,2026-10-02 09:12:44.590251+00,L,Private,35,"26500612, 26509852",true
0a081013-d1d2-43c8-85a3-47b108821fd6,Dr. Gupte Surgical Hospital Ltd,"S V Road, Khar West",19.0688701,72.8373997,14,"[""Emergency"",""ICU"",""Trauma Care""]",true,2026-10-02 09:12:39.87971+00,H/W,Private,16,26483025,true
0a8c8557-ddb1-4936-8c4b-105544c0a8fc,Wockhardt Hospital,"Agripada, Mumbai Central",19.0549990,72.8692035,22,"[""Trauma Care"",""ICU"",""Emergency""]",true,2026-10-02 09:12:26.082688+00,E,Private,45,"66804400, 66804272",true
0b7c368c-0569-4b7d-8c72-8d4a5d0ec1e2,Cozy Clinic & Nursing Home,"Seven Bungalow, Andheri West",19.1196976,72.8464205,29,"[""Trauma Care"",""ICU""]",true,2026-10-02 09:12:43.858049+00,K/W,Private,14,2631 6226,true
0cca4886-0b85-41b0-9cfc-f2e9823d1f47,Ambedkar Maternity Home,"Tagore Nagar, Vikhroli",19.1114800,72.9280210,58,"[""ICU"",""Emergency""]",true,2026-10-02 09:12:58.880328+00,S,Municipal,24,2.57E+17,true
0d45d101-8c2d-47a2-a43f-0c44204af06e,Charu Nursing Home,"Azad Nagar, Chembur",19.1307748,72.8383518,15,"[""ICU""]",true,2026-10-02 09:12:48.964603+00,M/E,Private,8,9029882580,true
0d7a2f7c-45c7-46a0-8937-561ad38888fe,Parekh Hospital,"Khokani Lane, Ghatkopar East",19.0840690,72.9073240,38,"[""Trauma Care"",""Emergency""]",true,2026-10-02 09:12:53.511154+00,N,Private,57,67827000,true
0eaeafe1-6e02-4350-9a01-18e31f9187e1,Matoshree Gomati Hospital,"Mahatma Gandhi Road, Goregaon West",19.2048750,72.8414093,38,"[""ICU""]",true,2026-10-02 09:12:55.49689+00,P/S,Private,34,61615716,true
0edf7495-6d8a-45dc-b2c8-3a19808fc20f,Bai Jerbai Wadia Hospital For Children,"Acharya Donde Marg, Parel",19.0076083,72.8360903,46,"[""Emergency"",""ICU"",""Trauma Care""]",true,2026-10-02 09:12:27.268631+00,F/S,Private,525,24129786,true
110dd9ef-723b-4b54-b5de-5c6eec6fbd93,Jagannath Maternity & Nursing Home,"Baiganwadi, Govandi East",19.0940612,72.9000364,11,"[""Emergency"",""Trauma Care"",""ICU""]",true,2026-10-02 09:12:48.233992+00,M/E,Private,12,9930515102,true
116555d4-2267-469d-9e6f-43de3272d8fc,Agrawal Nursing Home,"Ann Ville, Bandra West",19.0583358,72.8302669,84,"[""Trauma Care"",""Emergency""]",true,2026-10-02 09:12:39.276373+00,H/W,Private,16,35009208,true
1253e845-8a75-4609-96d8-80a0d3be8d7f,Tanaya Nursing Home,"Jagat Vidya Marg, Bandra East",19.0598088,72.8530000,83,"[""Emergency"",""ICU"",""Trauma Care""]",true,2026-10-02 09:12:38.596167+00,H/E,Private,8,9167710136,true
13f0a0c5-b45b-43fe-8f3e-1d52d6c7e76c,King Edward Memorial (KEM) Hospital,"Acharya Donde Marg, Parel",19.0076083,72.8360903,74,"[""ICU"",""Emergency""]",true,2026-10-02 09:12:26.655612+00,F/S,Municipal,2250,"9820703191, 24136051",true
1681ad9c-e713-4130-af85-e9f6f7c2d8c5,Upadhyay Nursing Home,"Moiz Apartment, 12th Rd, Santacruz East",19.0888480,72.8479720,57,"[""Trauma Care"",""Emergency"",""ICU""]",true,2026-10-02 09:12:37.953887+00,H/E,Private,11,9920490907,true
17213d56-dea0-4382-a611-9720610befaa,ENT Hospital,"Maharshi Dadhichi Marg, Azad Maidan",19.0549990,72.8692035,78,"[""Emergency"",""ICU"",""Trauma Care""]",true,2026-10-02 09:12:22.740191+00,A,BMC,100,"22042526, 22043322, 28480065 Dr Deepika Rana - 9892727831",true
1768675b-ef70-4f51-93c2-8afa12b2073b,KCS Bansali Maternity Home,"Mhatre Wadi, Borivali West",19.2287950,72.8563040,27,"[""ICU""]",true,2026-10-02 09:12:57.238643+00,R/C,Municipal,40,"28052235, 9930781642",true
19c1bb8a-c7dd-4e3d-88bb-c2874c8f02f4,ESIS Hospital,Mulund,19.1800050,72.9446040,28,"[""Trauma Care"",""Emergency""]",true,2026-10-02 09:13:01.020901+00,T,Government,400,25645524,true
1d16da9e-014e-4a75-a1f5-4ad98d466659,"Siddharth Hospital, Goregaon (W)","Aarey Rd, Goregaon West",19.0549990,72.8692035,79,"[""Trauma Care"",""ICU"",""Emergency""]",true,2026-10-02 09:12:54.758259+00,P/S,Municipal,172,"28736848, 28773337",true
1ef3dae4-3102-4ecd-822a-eb0a331b196d,Agarwal Municipal General Hospital,Panch Rasta-Mulund West,19.0573911,72.8334454,55,"[""Trauma Care"",""Emergency""]",true,2026-10-02 09:13:00.708646+00,T,Municipal,110,25645524,true
2020a2bf-04cd-469d-8243-3c8d5fc6a81c,The B.D.Petit Parsee Gen Hosp,"Bomanji Petit Marg, Cumballa Hill",19.0549990,72.8692035,13,"[""Emergency"",""Trauma Care"",""ICU""]",true,2026-10-02 09:12:24.833626+00,D,Private ,220,9454966321,true
2193ddab-c670-4bb1-8111-678363bfbf81,Sugun Hospital,"Marol, Andheri East",19.1194460,72.8354670,41,"[""Emergency"",""ICU"",""Trauma Care""]",true,2026-10-02 09:12:42.677335+00,K/E,Private,35,022-66869906,true
235a6727-9631-4a1d-9c4c-7b04fc6f2e56,"Gokuldas Tejpal Hospital, Fort","Chhatrapati Shivaji Terminus Area, Fort",19.0549990,72.8692035,84,"[""Trauma Care"",""ICU"",""Emergency""]",true,2026-10-02 09:12:22.566951+00,A,Govt,621,"22621464, 22621465,22630552 Dr Chikhalkar - 9969037650",true
239e0d4d-df81-41e1-b22f-4d5640a6863d,Demo Hospital,"Mumbai, Maharashtra",19.0760000,72.8777000,0,"[""ICU"",""Emergency""]",true,2026-10-02 08:48:05.90296+00,,,,,true
23a500c3-1058-4a02-bac9-76a54b308e98,Disha Hospital,"Bhagwat Bhavan Building, Kurla West",19.0686026,72.8765830,88,"[""Trauma Care""]",true,2026-10-02 09:12:45.935121+00,L,Private,25,7304028844,true
25e72242-7fc4-452d-8ea4-a2d0abf952ce,INS Ashwini Hospital,"Navy Nagar, Colaba,",18.9105537,72.8238038,50,"[""ICU"",""Emergency""]",true,2026-10-02 09:12:23.087675+00,A,Defence,101,"22151641, 22620390, 22143650 Dr Vivek Hande - 9869409721",true
2636c419-b319-42ed-9b00-885caa3872ac,Mahatma Gandhi Memorial Hospital,"Dr SS Rao Marg, Parel East",19.5000000,76.0000000,86,"[""ICU""]",true,2026-10-02 09:12:27.024292+00,F/S,Government,120,24132575,true
263d6dfa-5db0-43a8-994d-679dc94d0ec5,Noor Hospital,"Shivaji Nagar, Market Road, Govandi West",19.0687833,72.9205485,30,"[""Trauma Care"",""ICU""]",true,2026-10-02 09:12:47.65325+00,M/E,Private,16,7582841617,true
268ff600-b39c-49c0-a02b-6def9de37d8a,Matoshree Ramabai Ambedkar Maternity Home,"Postal Colony, Chembur",19.0619766,72.8965007,24,"[""Trauma Care"",""Emergency""]",true,2026-10-02 09:12:51.390546+00,M/W,Municipal,50,25221726,true
2697d414-fe18-4a5e-8d0b-0d48580d9e8b,Mumbai Bunder Port Trust,"Nadkarni Park, Wadala",19.0549990,72.8692035,64,"[""Trauma Care"",""ICU""]",true,2026-10-02 09:12:26.518521+00,F/N,Private,241,24129684/66567700,true
26f59d41-6404-46c3-a0d0-a1eb8ccb2e09,Sanjeevani Hospital,"Sahar Rd, Andheri East",19.1155449,72.8473272,28,"[""Emergency"",""Trauma Care"",""ICU""]",true,2026-10-02 09:12:42.329776+00,K/E,Private,17,022-26833939,true
272fe008-a987-42f8-bb74-3393c73bbdf7,Fortis Hospital,"Nahur West, Industrial Area, Bhandup West",19.0830520,72.9960510,90,"[""ICU"",""Emergency"",""Trauma Care""]",true,2026-10-02 09:12:59.42199+00,S,Private,440,"49254295, 43654365",true
2752e399-f46d-4e49-8672-23a5d9074a4a,Dr Babasaheb Ambedkar Hospital (Shatabdi Hospital),"Parekh Nagar, Kandivali West,",19.0728300,72.8826100,41,"[""Emergency"",""ICU""]",true,2026-10-02 09:12:56.661832+00,R/S,Municipal,427,"28647003/4, 9930468571",true
2811fc67-ebc0-4e30-ad1a-58e3e5fc3c02,Saibaba Nursing Home,Akurli Nagar,19.0549990,72.8692035,79,"[""ICU"",""Emergency"",""Trauma Care""]",true,2026-10-02 09:12:48.427546+00,M/E,Private,8,9702786055,true
2816169a-4ce8-4687-880f-bd0247be4c79,Shushrusha Hospital,"Ranade Road, Dadar(W)",19.1121019,72.9345984,19,"[""Trauma Care""]",true,2026-10-02 09:12:30.012024+00,G/N,Private,43,24449161 9820302637,true
2b05f28e-144c-473d-9f24-586f1276cf7a,Dr. Sanjay Kedare Hospital,"DK Sandu Marg, Chembur",19.0546490,72.8971290,84,"[""ICU""]",true,2026-10-02 09:12:50.790341+00,M/W,Private,13,2.53E+15,true
2ce1d73a-b474-4041-93aa-ed9f2c5e82fe,Pancholi Hospital,"Garodia Nagar, Ghatkopar East",19.0833438,72.9123246,57,"[""Trauma Care""]",true,2026-10-02 09:12:53.657243+00,N,Private,24,2506 6108,true
2cf4584f-f771-484d-ae97-47da157d8383,Rakhumai Hospital,"Merwanji Road, Parel",19.0017970,72.8403340,68,"[""Trauma Care""]",true,2026-10-02 09:12:29.447018+00,F/S,Private,15,9321450100,true
2da90e02-7b79-4b84-ad84-c3333a3dc8a1,Asian Heart Institute & Research Centre,Bandra Kurla Complex,19.0549990,72.8692035,61,"[""Trauma Care""]",true,2026-10-02 09:12:34.034157+00,H/E,Private,230,9820027691,true
2daa9af7-d1c4-47fd-9db6-e9f779eab2c6,Central Health Home Hospital,"Dreams Building, Bhandup",19.0549990,72.8692035,56,"[""ICU"",""Trauma Care""]",true,2026-10-02 09:12:59.848831+00,S,Private,16,21664001,true
2e9fa561-c958-48a0-a272-c7831402a531,Ameeta Nursing Home,"Chembur Gaothan, Chembur",19.0626319,72.9011399,71,"[""Trauma Care""]",true,2026-10-02 09:12:50.967435+00,M/W,Private,26,992039167/25284469,true
2f19d2ac-2b06-4185-8d10-d84210bca42d,"Global Hospital, Parel","Dr Ernest Borges Rd, opp. Shirodkar High School, Parel East",19.0044710,72.8431160,31,"[""Emergency"",""Trauma Care"",""ICU""]",true,2026-10-02 09:12:27.791816+00,F/S,Private,245,9987075033/8879688659,true
30e9ec4b-fbbf-4981-8a60-c04657b21754,Sant Muktabai Hospital,"Barve Nagar, Ghatkopar West",19.0549990,72.8692035,89,"[""ICU"",""Emergency"",""Trauma Care""]",true,2026-10-02 09:12:52.89985+00,N,Municipal,104,"2512 6088, 2515 3771",true
31872bb6-3df7-44b2-badb-f7b2cc2369ff,Life Care Hospital,"Sion Bandra Link Road, Dharavi",19.0462357,72.8631187,47,"[""ICU"",""Emergency""]",true,2026-10-02 09:12:30.593073+00,G/N,Private,52,9820023473 / 24042588,true
31c1a786-3ce7-41a8-8aa6-30bcb26f9816,Neelam Nursing Home,"Lal Bahadur Shastri Marg, Kurla West",19.0816540,72.8816381,47,"[""Emergency"",""Trauma Care""]",true,2026-10-02 09:12:45.193532+00,L,Private,20,9699813530,true
33e6d0e4-5d86-404a-9473-8616faff07e5,Kher Hospital,"Chembur Gaothan, Chembur",19.0576490,72.8981870,32,"[""Emergency"",""Trauma Care""]",true,2026-10-02 09:12:50.38722+00,M/W,Government,19,25284095/25280812,true
3506e838-3521-4de8-ae02-9329a4cc9e06,All Cure Super Speciality Hospital,"Station Road, Jogeshwari East",19.1359963,72.8517757,85,"[""Emergency""]",true,2026-10-02 09:12:42.849458+00,K/E,Private,45,7710049996,true
35bb4ab5-08cc-4d14-990a-cfbcdba6b7ae,Purnima Hospital,"Daulat Nagar, Borivali",19.2366619,72.8607662,53,"[""Emergency"",""Trauma Care""]",true,2026-10-02 09:12:58.325011+00,R/C,Private,16,"28949968, 28945328",true
360f33a3-9c76-484a-ac7f-cffd486f78ae,Dr. Shivdikar Hospital,"Tata Mill Chawl, Parel East",18.9289550,72.8247840,24,"[""ICU"",""Emergency""]",true,2026-10-02 09:12:29.288322+00,F/S,Private,16,9821010184,true
369ad1b5-bf35-4101-be7e-12e85002385b,M.S.Pallavi Maternity and Mothercare Centre,"Khernagar, Bandra East",19.0616565,72.8498111,11,"[""Emergency"",""Trauma Care"",""ICU""]",true,2026-10-02 09:12:36.176723+00,H/E,Private,6,9820120668,true
37ea2bae-a2d2-48ca-b3fe-27f4bb9042f9,HBT (Thackeray) Trauma Care,"Sai Siddhi complex, Jogeshwari East",19.0549990,72.8692035,82,"[""Trauma Care"",""ICU""]",true,2026-10-02 09:12:40.816667+00,K/E,Municipal ,180,022-28224080/81/84/86,true
38122d01-98a5-47f0-97bf-470e00f1ad3b,Astha Surgical Clinic,"Sen Nagar, Santacruz East",19.0888480,72.8479720,70,"[""Emergency"",""ICU""]",true,2026-10-02 09:12:35.601891+00,H/E,Private,8,9869124305,true
3909fd90-c321-4d1f-86ca-ff5bd84f14cd,Surya Children's Nursing Home,"Swami Vivekananda Rd, Santacruz West",19.0827680,72.8379280,37,"[""Emergency""]",true,2026-10-02 09:12:40.333506+00,H/W,Private,109,"61538989, 61538904",true
3912c697-5877-4b17-ac29-2f5b92bc899b,Dr. Patel Nursing Home,"Mhatre Wadi, Borivali West",19.2287950,72.8563040,26,"[""Emergency""]",true,2026-10-02 09:12:57.902349+00,R/C,Private,16,2.90E+15,true
3a95a339-6708-405a-b69b-c6429c8b2be1,Meenaz Hospital,"Shivaji Nagar, Govandi West",19.0553688,72.9150702,80,"[""Emergency""]",true,2026-10-02 09:12:48.584034+00,M/E,Private,7,9833876612,true
3b2452f2-67f8-4a8a-aed3-c296fb7b3379,Criticare Multi Speciality Hospital,"Teli Gali, Andheri East",19.0549990,72.8692035,64,"[""ICU"",""Emergency"",""Trauma Care""]",true,2026-10-02 09:12:42.980977+00,K/E,Private,45,8879026070/8291100248,true
3df9154c-a389-4b8a-aab1-ec730e6bb0ec,M S Niron Hospital Pvt Ltd,"Vakola, Santacruz East",19.0803934,72.8553306,51,"[""Trauma Care"",""ICU"",""Emergency""]",true,2026-10-02 09:12:34.828151+00,H/E,Private,30,9869001464,true
40b596b2-5f81-4301-baed-723f2a798293,Parel Hospital Pvt Ltd,"Jerbai Wadia Road, Parel",19.0052143,72.8491651,10,"[""ICU"",""Emergency"",""Trauma Care""]",true,2026-10-02 09:12:27.646537+00,F/S,Private,40,24159700/01/02/03/04,true
425729d1-f893-4bf2-8297-e2d6922860f7,Poojari Nursing Home,"Government Colony, Bandra East",19.0630204,72.8517580,66,"[""Trauma Care""]",true,2026-10-02 09:12:36.432358+00,H/E,Private,10,9819581215,true
42708c00-1736-4ff8-81a6-b4249a3e97f5,Dr. R N Cooper Hospital,"JVPD Scheme, Juhu",19.0549990,72.8692035,22,"[""ICU"",""Trauma Care"",""Emergency""]",true,2026-10-02 09:12:43.572102+00,K/W,Municipal,700,26207254/57,true
445fb293-0111-4eca-b3d7-18224ff238e9,Worli Hospital for Women,"Dr. Annie Besant Rd, Worli",18.9932851,72.8145919,46,"[""Emergency"",""Trauma Care""]",true,2026-10-02 09:12:33.533826+00,G/S,Private,8,24224241/2432 / 9220,true
45de9941-b07d-4181-995c-613a747557b1,Dr. Malwankar Romeen Nursing Home,"Gamdevi Road, Bhandup West",19.0549990,72.8692035,60,"[""Emergency""]",true,2026-10-02 09:13:00.013599+00,S,Private,16,9820030022,true
47e0c610-7a77-4aa7-af3a-f88c09d04baa,Prince Ali Khan Hospital,"Prince Ally Khan Hospital Rd, Tara Bagh, Mazgaon",18.9709270,72.8366116,53,"[""ICU""]",true,2026-10-02 09:12:25.601486+00,E,Private,153,"23777800, 23777900",true
47e2df14-f500-4d01-9cd1-402fa1835c65,Dhanvantari Hospital,"Siddharth Nagar, Mulund West",19.1719717,72.9511956,29,"[""ICU"",""Emergency"",""Trauma Care""]",true,2026-10-02 09:13:01.335383+00,T,Private,28,"25616070, 25644706",true
484ff329-2c18-41f4-936d-1f5ca09f1db3,Shobhana Nursing Home,"A.S Gaya Marg, Mahim",19.5000000,76.0000000,49,"[""Trauma Care""]",true,2026-10-02 09:12:30.722163+00,G/N,Private,5,"24453055, 9820501113",true
4cfb03d9-5399-4951-8633-8a63643a9eb5,Urban Health Centre,"60 Feet Road, Dharavi",19.0405912,72.8507984,54,"[""Emergency""]",true,2026-10-02 09:12:33.953115+00,H/E,Government,,2226425611,true
4e3726ef-a28d-4787-a2b5-c0f3adf4e2a3,Inlaks General Hospital,"Indira Nagar, Chembur",19.0549990,72.8692035,30,"[""Emergency"",""ICU"",""Trauma Care""]",true,2026-10-02 09:12:50.090365+00,M/W,Municipal,94,25204160/25204161,true
4f9077eb-7f3a-424a-bd53-8ed36ea5439c,Mandapeshwar Hospital,"Near Sudhir Phadke Flyover, Borivali West",19.2287950,72.8563040,19,"[""Trauma Care"",""Emergency"",""ICU""]",true,2026-10-02 09:12:55.988953+00,R/N,Private,21,2893 8685,true
50b3c769-9cb3-45c9-b834-b47be49089bc,Breach Candy Hospital Trust,"Breach Candy, Cumballa Hill",19.0549990,72.8692035,37,"[""ICU"",""Trauma Care"",""Emergency""]",true,2026-10-02 09:12:24.125753+00,D,Private ,213,23671888/23667788,true
52a09fad-3699-49aa-b7ac-287e69eefb3a,Ashwin Maternity And Surgical Nursing Home,"Sen Nagar, Santacruz East",19.0888480,72.8479720,29,"[""Emergency"",""Trauma Care"",""ICU""]",true,2026-10-02 09:12:35.46051+00,H/E,Private,10,9022303912,true
549435be-f2e9-40c1-9dce-654cad448b2e,Satyam Nursing Home,"L B S Marg, Ghatkopar West",19.0816540,72.8816381,85,"[""Emergency"",""Trauma Care""]",true,2026-10-02 09:12:53.361385+00,N,Private,29,2500 4409,true
5578d989-3ac4-4d5f-9975-e9eb4eb8330e,Gokuldham Medical Centre,"Gokuldham Colony, Goregaon",19.1462920,72.8367020,44,"[""Emergency"",""Trauma Care""]",true,2026-10-02 09:12:54.901119+00,P/S,Private,15,2842 2716,true
56cd1fb7-78d2-4d61-97ae-5bd6e5da97fc,Vikas Nursing Home,"Shivaji Nagar, Govandi West",19.0553688,72.9150702,86,"[""ICU""]",true,2026-10-02 09:12:49.53835+00,M/E,Private,10,9821407740,true
56d10c70-9850-46dd-8825-dc62c237871d,Shree Hosptial,"Ambedkar Garden, Chembur",19.0599570,72.9005909,23,"[""ICU""]",true,2026-10-02 09:12:52.270189+00,M/W,Private,22,"25288617, 9833693682",true
574c5559-406e-4f9d-b5cb-fe9b7015155e,M W Desai Hospital,"Lower Govind Nagar, Malad East",19.1867193,72.8485884,54,"[""Emergency"",""Trauma Care"",""ICU""]",true,2026-10-02 09:12:53.83398+00,P/N,Municipal,180,9769607245,true
57e16565-1c53-4251-a23f-fbdd17850041,Kedar Hospital,"2nd Floor, Mazgaon Apartment, Mazgaon",19.0549990,72.8692035,35,"[""Emergency"",""Trauma Care"",""ICU""]",true,2026-10-02 09:12:25.79131+00,E,Private,10,"23728588, 23787979",true
59d12c1b-e8e2-4597-8217-ce534d434306,"Ambedkar Hospital (Central Railway Hospital), Byculla","Dr. Baba Saheb Ambedkar Road, Byculla East",19.2128163,72.8284514,73,"[""Trauma Care"",""ICU"",""Emergency""]",true,2026-10-02 09:12:25.410574+00,E,Government,366,"23717246, 23717247",true
59d19cf2-8a29-4405-b40b-0295d0a370b1,"Lokmanya Tilak Hospital, Sion","Dr. Babasaheb Ambedkar Road, Sion (West)",19.0364134,72.8592156,81,"[""Emergency"",""Trauma Care""]",true,2026-10-02 09:12:26.192461+00,F/N,Municipal,1422,"24063000, 24076381",true
5a7ebadd-e6c5-4960-923e-f103584e1ba4,SK Patil Hospital,"Pushpa Park, Malad East",19.1867193,72.8485884,25,"[""Trauma Care"",""Emergency""]",true,2026-10-02 09:12:53.996693+00,P/N,Municipal,50,7506740540,true
5b48839a-f72c-4252-ae25-281bccb33121,Dr J M Purandare Hopsital,"Dr Madhukar B Raut Marg, Dadar West",19.0760760,72.8861390,54,"[""Trauma Care"",""ICU"",""Emergency""]",true,2026-10-02 09:12:32.056903+00,G/N,Private,17,"24449501, 24451701",true
5cedabc3-7f5a-4c24-be3f-14df03f4353f,Dhanvantari Hospital,"Shivaji Park, Dadar West",19.0549990,72.8692035,70,"[""Emergency"",""ICU""]",true,2026-10-02 09:12:30.18583+00,G/N,Private,18,"24304082, 9967026035",true
5d27e503-2603-4be0-9550-b77b7c68d8bd,Silver Coin Nursing Home,Vakola Pipeline Santacruz East,18.4492010,73.8161750,86,"[""Trauma Care""]",true,2026-10-02 09:12:37.822832+00,H/E,Private,10,9819998100,true
5d51cb8e-af49-45a1-8e07-3be6607b03a9,Tilak Hospital,"B.D.D Chawl, N.M Joshi Marg, Worli",19.5000000,76.0000000,29,"[""Trauma Care"",""ICU"",""Emergency""]",true,2026-10-02 09:12:32.179167+00,G/S,Trust,40,"24931939, 24221434",true
5e1a0173-98bd-4374-bdd6-e3c0e7f285e4,Savitribai Phule Maternity Home,"Maruti Mandir Rd, Bhandup",19.1534020,72.9419940,74,"[""ICU""]",true,2026-10-02 09:12:58.705725+00,S,Municipal,40,25947116/9869816160,true
5e36c3d7-8556-4e1f-a0a2-484be7fe52e9,Dr Gandhi's Nursing Home Pvt Ltd,"NM Kale Marg, Dadar",19.0193410,72.8329000,66,"[""Emergency""]",true,2026-10-02 09:12:31.5792+00,G/N,Private,23,9820303414,true
621dd8dc-acc6-4b8a-b626-25ee86117793,ESIS Hospital,"MIDC, Andheri East",19.1800050,72.9446040,45,"[""Trauma Care"",""ICU"",""Emergency""]",true,2026-10-02 09:12:40.661437+00,K/E,Government,325,9999885368 ,true
63fb7f07-57ab-4387-9986-723ecefcccb3,Shastri Nursing Home,"Shanti Nagar, Vakola, Santacruz East",19.0888480,72.8479720,84,"[""Emergency"",""Trauma Care"",""ICU""]",true,2026-10-02 09:12:37.444598+00,H/E,Private,20,9870552556,true
65be61e5-b44a-4e35-9338-93d5a03fa7d1,Durga Maternity Surgical Home,"Kolivery Village, Kalina",19.0549990,72.8692035,16,"[""ICU""]",true,2026-10-02 09:12:35.938279+00,H/E,Private,9,9820399378,true
68d48140-f5e6-4703-a745-4b1d302e679f,Lakshmi Maternity Home,"11th Rd, Sampoorna, Chembur",19.0551040,72.8985850,46,"[""Emergency"",""Trauma Care"",""ICU""]",true,2026-10-02 09:12:51.833884+00,M/W,Private,16,"25283930, 25280491",true
6c5361d0-9829-49b3-9b4b-933fe2e13f4a,"Desai Memorial Hospital, Parel","Parmar Guruji Marg, Parel East",19.5000000,76.0000000,17,"[""Emergency"",""Trauma Care"",""ICU""]",true,2026-10-02 09:12:28.050268+00,F/S,Private,13,24162919,true
6d8da75c-d618-4776-8ed6-e4ca87e044b7,Agarwal Children Hospital,"Gandhi Nagar, Bandra East",19.0549990,72.8692035,49,"[""Emergency"",""ICU"",""Trauma Care""]",true,2026-10-02 09:12:34.640204+00,H/E,Private,15,9820051571,true
6ebd5441-c513-40f4-a2d2-75628fb880d3,Sadguru Maternity & Nursing Home,"Dr Baba Saheb Ambedkar Rd, next to Chitra Cinema, Dadar East",18.9791016,72.8347935,38,"[""Trauma Care""]",true,2026-10-02 09:12:29.07395+00,F/S,Private,5,9820742641,true
6eedb8cf-66f7-4785-abc0-deee3b9506f4,Visual Eyez Clinic,"Kalina CHS, Santacruz East",19.0772135,72.8619419,48,"[""Trauma Care""]",true,2026-10-02 09:12:38.067807+00,H/E,Private,1,9819601494,true
6f2997f1-17de-493e-b3b2-a859031b2783,Bombay Hospital,"Near Liberty Cinema, New Marine Lines,",18.9296681,72.8233549,65,"[""ICU"",""Emergency"",""Trauma Care""]",true,2026-10-02 09:12:23.207082+00,A,Private,732,"22067676, 22062082 Dr Rajkumar Patil - 982062804",true
6f436b97-ca9b-4738-810d-016ea0f45acf,L.B.S Maternity Home,"Dina Bama Estate, Bhandup",19.0549990,72.8692035,20,"[""Trauma Care""]",true,2026-10-02 09:12:59.216243+00,S,Private,10,02225662318/9869013598,true
716ee128-af0e-47ac-87d8-fcc3d012346b,Jyotiba Phule General Hospital,"Kannamwar Nagar II, Vikhroli",19.0549990,72.8692035,53,"[""Trauma Care"",""Emergency"",""ICU""]",true,2026-10-02 09:12:59.036577+00,S,Municipal,110,02225662318/9869013598,true
71cba865-3d8b-44ef-9555-ad84202b3a1b,Raut Maternity Home,"Kalina village, Santacruz East",19.0796250,72.8746000,38,"[""Emergency""]",true,2026-10-02 09:12:37.171188+00,H/E,Private,10,9820183757,true
75f0637e-dd27-4df7-8730-7fa5e2e8c640,Sir H N Reliance Hospital,"Raja Ram Mohan Roy Rd, Girgaon",18.9600776,72.8196518,32,"[""Trauma Care"",""Emergency""]",true,2026-10-02 09:12:42.528787+00,K/E,Private,10,7738162050,true
781bd7f5-b700-4213-927c-e1b2d488ed5c,Gupte Maternity Home,"Lt Dilip Gupte Marg, Mahim",19.0319100,72.8400960,54,"[""Emergency"",""Trauma Care""]",true,2026-10-02 09:12:31.905654+00,G/N,Private,16,"24445906, 24465903",true
79ea88d8-2baa-45f4-9d71-9b7395994ed0,Dr Bhabha Hospital,"Waterfield Road, Bandra West",19.0549990,72.8692035,31,"[""ICU"",""Emergency""]",true,2026-10-02 09:12:44.251388+00,L,Municipal,307,26503145 9833036685,true
7b84ca67-a607-427e-abb2-6acb49b073db,Sparsh Nursing Home,"7th Road, Khar, Golibar, Khar East",19.0765309,72.8424579,37,"[""Emergency"",""ICU""]",true,2026-10-02 09:12:38.719702+00,H/E,Private,8,7400107576,true
7bf5d49f-13a8-4ff3-a467-799d7ea3f03a,Noor Hospital,Masjid Bunder,19.0762084,72.8780033,82,"[""Emergency""]",true,2026-10-02 09:12:23.438625+00,B,Private ,92,"Dr Khatija 9320112252, 23463500",true
7c97cad1-96b8-4c7f-97c7-9bf0c53dd519,St George Hospital,"Chhatrapati Shivaji Terminus Area, Fort",19.0237486,72.8168362,50,"[""Emergency"",""ICU""]",true,2026-10-02 09:12:22.868038+00,A,Govt,467,22620242/44/45/46/47 Dr Akash Khobragade - 9702658822,true
7d5651ee-93c9-4d93-ab0c-1f902d1e3970,Demo Hospital,"Mumbai, Maharashtra",19.0760000,72.8777000,0,"[""ICU"",""Emergency""]",true,2026-10-02 08:48:57.001603+00,,,,,true
7d56ff87-11d5-488a-a00b-00d8701495ca,Indu Clinic,"Wodehouse Road, Colaba",18.9139486,72.8228104,60,"[""Trauma Care""]",true,2026-10-02 09:12:23.328047+00,A,Private,12,"22182323, 22183131 Dr Sameer Trivedi - 9820060698",true
7e46fa4e-3a29-454e-afb6-60af0adfab2d,Tata Memorial Hospital,"Dr Ernest Borges Rd, Parel East",19.5000000,76.0000000,46,"[""Trauma Care"",""ICU""]",true,2026-10-02 09:12:26.901402+00,F/S,Government,469,"24177052, 24177256",true
7ead9a82-0bd6-4708-af6b-022373a56d6a,Life Line Medicare Hosp,"Gokuldham Medical Center, Goregaon East",19.1692623,72.8552548,69,"[""ICU"",""Emergency""]",true,2026-10-02 09:12:55.345554+00,P/S,Private,15,"28402506, 28402507",true
7edc8b33-05ca-4e55-bd4d-3bd5e3494a75,Dhanwantri Kerala Ayurved,"Chakala, Andheri East",19.0549990,72.8692035,37,"[""Trauma Care"",""ICU""]",true,2026-10-02 09:12:41.377656+00,K/E,Private,,"32549763, 28204295",true
7fec0690-69d2-473a-a236-29a82a7591f5,Shakuntala Chitra Nursing Home,"Kherwadi, Bandra East",19.0603357,72.8438180,15,"[""ICU"",""Emergency"",""Trauma Care""]",true,2026-10-02 09:12:34.435325+00,H/E,Private,20,9819000099,true
8027ccd9-20f6-4853-8496-3c2fca2b8787,Saifee Hospital,"15/17, Maharshi Karve Rd, opposite Charni Road, Charni Road East",19.0549990,72.8692035,13,"[""Trauma Care"",""Emergency""]",true,2026-10-02 09:12:24.540899+00,D,Private ,254,67570212/67570111,true
80da256a-e932-474c-8123-ef290a85a00a,"Balaji Hospital, Byculla (E)","Balaji House, 3rd Cross Lane, Victoria Road, Byculla East",19.0549990,72.8692035,39,"[""Trauma Care"",""Emergency"",""ICU""]",true,2026-10-02 09:12:25.964026+00,E,Private,100,"23740000, 23745090",true
813fbcb7-31d1-4285-9180-18b71715abe3,Sona Hospital,"Vakola Bridge, Santacruz East",19.0888480,72.8479720,34,"[""Emergency"",""Trauma Care""]",true,2026-10-02 09:12:35.086356+00,H/E,Private,15,9820062622,true
82af2115-2a51-4542-8817-4bb7bcf6eb91,Aastha Eye Care,"Old Anand Nagar, 4th Road, Santacruz East",19.0888480,72.8479720,42,"[""ICU"",""Emergency""]",true,2026-10-02 09:12:38.423086+00,H/E,Private,2,9869124305,true
8495ab10-ca75-4f7a-be97-400c0dc39d3c,Asha Surgical & Maternity Home,Gyaneshwar Apartment New Prabhadevi Road,19.0137317,72.8207384,43,"[""Emergency"",""Trauma Care"",""ICU""]",true,2026-10-02 09:12:33.0864+00,G/S,Private,12,24225477/24378813,true
85fdf24a-3e9d-4a57-830a-c5bedb6e1a7a,"Maru Hospital, Parel","Railway Chawl, Pare",18.9982979,72.8370238,10,"[""ICU"",""Emergency"",""Trauma Care""]",true,2026-10-02 09:12:28.46325+00,F/S,Private,26,"24717272, 24717474",true
879448bb-b1e2-4676-a767-57559e551406,JJ Hospital,"J J Marg, Nagpada-Mumbai Central",18.9650832,72.8303453,47,"[""ICU"",""Emergency"",""Trauma Care""]",true,2026-10-02 09:12:25.316063+00,E,Government,1352,"23735555, 23731144",true
892423ae-357d-477c-87cb-61f6bfc84090,Deonar Maternity Home,"Deonar Municipal Colony, Govandi East",19.2423585,72.8519007,62,"[""Trauma Care""]",true,2026-10-02 09:12:47.109+00,M/E,Municipal,14,25563396,true
8b242f5e-0bba-46b3-8ff3-ab862c2a924c,Sanghvi Hospital,"Lokhandwala Complex, Andheri West",19.1271100,72.8352160,87,"[""ICU"",""Trauma Care"",""Emergency""]",true,2026-10-02 09:12:43.704432+00,K/W,Private,14,6695 1210,true
8c2239ed-51e8-4f07-83ef-b039da88ca52,Guru Nanak Hospital & Research Centre,"Gandhi Nagar, Bandra East",19.0559213,72.8450772,58,"[""Emergency"",""Trauma Care"",""ICU""]",true,2026-10-02 09:12:34.177939+00,H/E,Private,120,9833090756,true
8d8532a6-461c-424b-b502-7081c1079599,Dr Gadre's Nursing & Maternity Hospital,"Govindji Keni Road, Dadar East",19.5000000,76.0000000,66,"[""Trauma Care""]",true,2026-10-02 09:12:27.391455+00,F/S,Private,10,24148964,true
8e16d04b-f2c5-4058-aadf-41965054068d,Shivam Nursing Hospital,"Hari Mandir Road, Bandra East",19.0550990,72.8371530,87,"[""ICU""]",true,2026-10-02 09:12:34.318808+00,H/E,Private,18,9821225485,true
8e7a0067-b7d1-4fb1-8222-c6f95de3ae11,Raheja Hospital,"Raheja Rugnalaya Marg, Mahim",19.0549990,72.8692035,74,"[""Trauma Care"",""Emergency""]",true,2026-10-02 09:12:30.445826+00,G/N,Private,180,9004479537/9833691321,true
8ee04e33-d45e-4f9d-a139-80d65adc4308,Sanchaiti,"Akurli Rd, Kandivali",19.2013005,72.8543910,67,"[""ICU"",""Emergency""]",true,2026-10-02 09:12:57.100266+00,R/S,Private,35,"40672800, 28851659",true
8fb96bda-a934-4721-989e-96722cd2bac7,"Parekh Nursing Home, Century Bazar","Adarsh Nagar, Prabhadevi",19.0549990,72.8692035,17,"[""Emergency"",""ICU""]",true,2026-10-02 09:12:32.698992+00,G/S,Private,15,022-24933533/9820864287,true
93b39643-0b09-4c5d-aaac-addb56a41bd0,M/s. Samarth Eye Care And Laser Centre,"Vakola, Santacruz East",25.6284218,85.1043428,28,"[""Emergency""]",true,2026-10-02 09:12:38.21394+00,H/E,Private,4,9819120066,true
9487eef2-4b78-429d-a7f6-02f559744bc5,Masina Hospital,"Sant Savata Mali Marg, near Byculla, Mustafa Bazar, Byculla",19.0549990,72.8692035,26,"[""Trauma Care"",""Emergency"",""ICU""]",true,2026-10-02 09:12:25.696442+00,E,Private,278,6.18E+15,true
96c04019-53b3-4d91-a787-0c11c30724fa,Aryan Hospital,"Nehru Nagar, Station Road, Kurla",19.1359963,72.8517757,67,"[""ICU"",""Emergency""]",true,2026-10-02 09:12:45.798258+00,L,Private,25,9320555777,true
973f901a-e41a-428a-96ed-35efbc9fb5df,Pushpakunj Nursing Home,"Sen Nagar, Santacruz East",19.0888480,72.8479720,44,"[""Emergency""]",true,2026-10-02 09:12:37.001127+00,H/E,Private,5,9821213456,true
982e73cf-cf04-47b5-8c9e-bce068023d1b,Mangal Anand Hospital,"Sion-Trombay Road, Chembur,",19.0540819,72.8831958,42,"[""Trauma Care"",""Emergency"",""ICU""]",true,2026-10-02 09:12:50.633807+00,M/W,Private,36,2.52E+15,true
98c2b2f2-5c40-4458-87c3-8393f7b98939,North Bombay Clinic,"Lady Jamshedji Rd, Mahim",19.0409852,72.8411306,82,"[""ICU"",""Trauma Care"",""Emergency""]",true,2026-10-02 09:12:31.187879+00,G/N,Private,10,"24305373, 9820089321",true
99e0e5d4-890e-4389-9c2d-4aeb0981a58a,Dholkawala Maternity and Nursing Home,"Mohammed Ali Rd, Masjid Bandar",18.9506810,72.8346470,79,"[""Trauma Care"",""ICU""]",true,2026-10-02 09:12:23.666853+00,B,Private ,25,"23412635, 23429607",true
9cc28ca6-8f9e-4a50-a333-a54fdb3f219c,ESIS Hospital,"BDD Chawl, Worli",19.1800050,72.9446040,43,"[""Emergency""]",true,2026-10-02 09:12:32.30223+00,G/S,Government,300,022-24932428/9822331311,true
9d4c6d4e-750a-4eb0-94f0-dc95299c9f7d,Hinduja Hospital,"Near Shivaji Park, Mahim",19.5000000,76.0000000,28,"[""ICU""]",true,2026-10-02 09:12:30.308267+00,G/N,Private,337,24447182 9322280036,true
9d8e0866-a046-4278-98f3-402793b50b44,Holy Spirit Hospital,"Sher E Punjab Colony, Andheri East",19.1281910,72.8664780,53,"[""ICU"",""Trauma Care"",""Emergency""]",true,2026-10-02 09:12:41.865972+00,K/E,Private,161,2228248500/1/2/3/4/5,true
9e67e6ed-cb70-4bd0-998e-ab0040a86303,"Dr B K Nadkarni Memorial Maternity & Surgical Hospital, Parel","Doctor BA Road, Aai Mai Merwanji St, Parel East",19.5000000,76.0000000,28,"[""Emergency"",""Trauma Care""]",true,2026-10-02 09:12:28.886667+00,F/S,Private,15,"24122063, 9820042968",true
9f0fe581-5298-4c87-ab0f-2692f8f207a7,Charkop Maternity Home,"Charkop Gaon, Kandivali West",19.0768647,72.8354468,79,"[""Emergency"",""Trauma Care""]",true,2026-10-02 09:12:57.394908+00,R/C,Municipal,20,"28679699, 9769394785",true
a0f331e5-8846-4e69-ad82-dd6bd23785f6,Jaslok Hospital & Research Centre,"IT Colony, Tardeo",19.1331341,72.9191019,70,"[""Emergency"",""ICU""]",true,2026-10-02 09:12:24.421873+00,D,Private ,448,40173010/40173348/9820548,true
a10b2a42-82a3-4d23-8593-1d5f0a52b654,Shatabdi Hospital,"Govandi East, Chembur",19.0628270,72.9123092,42,"[""Emergency"",""ICU"",""Trauma Care""]",true,2026-10-02 09:12:46.513166+00,M/E,Municipal,120,25564069/70/71,true
a11729a0-245a-4906-bcac-370800135a9e,Veer Savarkar Hospital,"Hanuman Chowk, Mulund East",19.1704719,72.9610447,74,"[""Trauma Care"",""Emergency""]",true,2026-10-02 09:13:00.87761+00,T,Municipal,105,21636229,true
a17c6719-6ea2-4ada-bea2-2e7f1cdfa398,Nirmala Maternity & Surgical Hospital,"NM Joshi Marg, Subhash Nagar",19.0575530,72.9057240,83,"[""ICU"",""Trauma Care"",""Emergency""]",true,2026-10-02 09:12:33.679635+00,G/S,Private,25,23012732/23062035/23073446,true
a1a11314-756f-49b2-952b-9587fa23a99b,Cama & Albless Hospital,"Dhobi Talao, Chhatrapati Shivaji Terminus Area",18.9404925,72.8357856,64,"[""Emergency"",""Trauma Care""]",true,2026-10-02 09:12:22.983797+00,A,Govt,505,"22611648, 22611654, 22611871 DrTushar Palve - 9821301454",true
a203985f-a304-47f5-85df-bbb44b6c790e,"KB HB Charitable E N T Hospital, Parel","J Merwanji Street, Parel East,",19.5000000,76.0000000,10,"[""ICU"",""Trauma Care""]",true,2026-10-02 09:12:28.201703+00,F/S,Private,45,"24131190, 24102552",true
a2b47cef-cfab-4eaf-8878-ff9b7cb25777,Navroji Wadia Maternity Hospital,"Acharya Donde Marg, Parel East",19.5000000,76.0000000,32,"[""Trauma Care"",""Emergency""]",true,2026-10-02 09:12:27.154391+00,F/S,Private,450,24146963/65,true
a3398245-7772-4edd-903e-d921269d291d,GTB Hospital,"Jerbai Wadia Marg, Sewri",18.9984340,72.8558420,24,"[""Emergency"",""ICU""]",true,2026-10-02 09:12:26.761869+00,F/S,Municipal,1000,24146993/96/97,true
a36014b2-11ba-4a82-a87b-21edff9b058c,Dr. Punamiya Hospital,"near Tilak Bhavan, Dadar West",19.0173761,72.8430265,88,"[""ICU"",""Trauma Care""]",true,2026-10-02 09:12:33.220555+00,G/S,Private,20,9324751621;,true
a480f18b-b27a-498f-8a71-d8af57084e6a,Aayush Hospital,"90 Feet Road, Dharavi",19.0429003,72.8570958,67,"[""Emergency"",""Trauma Care"",""ICU""]",true,2026-10-02 09:12:31.789476+00,G/N,Private,60,9819025705 9869976968,true
a4932694-170e-4f83-9c08-0c746e190617,Rainbow Women's Hospital,"Chakala, Andheri East",19.0549990,72.8692035,67,"[""Trauma Care"",""Emergency"",""ICU""]",true,2026-10-02 09:12:41.144868+00,K/E,Private,15,2.83E+17,true
a5bec3c6-cbd2-4910-a73c-a191a2549cdd,Hashir Hospital,"Marol, Andheri East",19.1194460,72.8354670,41,"[""Emergency""]",true,2026-10-02 09:12:43.278042+00,K/E,Private,20,7709776057,true
a6fa853d-8b49-439c-a1ed-92ae5af32274,M.S.Saideep Nursing Home,Santacruz East,19.1917377,72.8319941,47,"[""Emergency""]",true,2026-10-02 09:12:36.297471+00,H/E,Private,4,98200008257,true
a7423872-5139-43b6-bbae-542b76e8386f,Priyank Nursing Home,"Sayani Rd, Prabhadevi",19.0139100,72.8322780,10,"[""Trauma Care""]",true,2026-10-02 09:12:33.398158+00,G/S,Private,7,24220404/9594113946,true
a764a808-71eb-4029-ba9c-8b52f15055c7,Poddar Hospital,"Dr. Annie Besant Road, Worli",19.0834377,72.8397088,34,"[""Trauma Care"",""ICU""]",true,2026-10-02 09:12:32.445346+00,G/S,Government,210,022-24933533/9820864287,true
a7ef6e92-43fc-4f89-8640-307e6727c015,Sportsmed Mumbai Pvt Ltd,"Gokhale road, Parel West",19.0238988,72.8395482,46,"[""Trauma Care""]",true,2026-10-02 09:12:32.824578+00,G/S,Private,16,9819779540,true
acce6b12-1106-487d-a321-c78965fbb7c4,Dr. Zikruallah Khan Habib Hospital,"Lal Bahadur Shastri Marg, Kurla West",19.0816540,72.8816381,58,"[""Emergency"",""ICU"",""Trauma Care""]",true,2026-10-02 09:12:44.792547+00,L,Private,15,8691940150,true
ad8058df-65b2-458c-8815-10a66d38eb67,K B Bhabha Hospital,"Water Field Road, Bandra (W)",19.0549990,72.8692035,39,"[""Trauma Care"",""Emergency"",""ICU""]",true,2026-10-02 09:12:38.874653+00,H/W,Municipal,436,"26422775, 26422541",true
af43df8f-c434-453d-96f4-79c598582d95,BYL Nair Hospital,"Topiwala National Medical College, RTO Colony, Mumbai Central",19.0549990,72.8692035,10,"[""Emergency"",""ICU"",""Trauma Care""]",true,2026-10-02 09:12:25.216354+00,E,Municipal,1229,"23081490, 23081491",true
b0e00f9c-2057-4d69-97ab-c5ec4b731292,Madhu Polyclinic and Nursing Home,"Sarvodaya Nagar, Bhandup West",19.0549990,72.8692035,48,"[""ICU"",""Trauma Care""]",true,2026-10-02 09:12:59.59776+00,S,Private,18,25959802/9820153566,true
b0f25e9d-8d79-47c1-a217-17c263ca00bf,Kiran Care & Cure Hospital,"JB Nagar, Andheri East",19.1068100,72.8655446,70,"[""ICU""]",true,2026-10-02 09:12:41.666847+00,K/E,Private,35,9820134683,true
b0f33c16-a5a6-4809-ada3-c7f9e856f63b,Laxmi Surgical Clinic & Nursing Home,"Kherwadi, Bandra East",19.0616565,72.8498111,53,"[""Emergency""]",true,2026-10-02 09:12:36.063018+00,H/E,Private,10,9869030132,true
b156e1f2-885c-4e37-bc93-523fbe081c14,Prathamesh Maternity and Nursing Home,"Gandhi Nagar, Bandra East",19.0559213,72.8450772,78,"[""ICU"",""Trauma Care"",""Emergency""]",true,2026-10-02 09:12:36.696934+00,H/E,Private,6,9820120668,true
b4251714-e52b-4842-a016-dc20c91ec011,RK Hospital,"Near Railway Station Santacruz, Santacruz East",19.0888480,72.8479720,88,"[""Trauma Care"",""Emergency""]",true,2026-10-02 09:12:34.953012+00,H/E,Private,25,9867135786,true
b466da97-0cb1-4912-8d84-fe9844ff7f13,Lilavati Hospital,"Bandra Reclamation Rd, Bandra West",19.0507688,72.8299242,13,"[""Emergency"",""Trauma Care""]",true,2026-10-02 09:12:39.005576+00,H/W,Private,320,"50598000, 50591000",true
b4809d48-90f7-4945-a1ce-52af47812a14,Nulife Hospital,"Jivdaya Lane, Ghatkopar West",19.0882556,72.9053311,87,"[""ICU"",""Trauma Care""]",true,2026-10-02 09:12:53.212629+00,N,Private,47,2509.970588,true
b4e298c4-8baa-4ae4-a9e1-fe6bf15beef1,Siddhivinayak Health Care,"Khed Galli, Prabhadevi",19.2189384,72.8341349,20,"[""Trauma Care"",""Emergency""]",true,2026-10-02 09:12:32.586393+00,G/S,Private,15,9820074265; 24318488.,true
b74d349f-d27e-40b4-9cb6-0ff1cf5af336,"Manju Nursing Home, Sindhi Society","Sindhi Society, Chembur",19.0511215,72.8911197,51,"[""ICU""]",true,2026-10-02 09:12:51.990369+00,M/W,Private,16,25227968,true
bc40a237-e617-4fbb-91e1-a30cdb2404a6,Sarvoday Hospital,"L B S Marg, Ghatkopar West",19.0902900,72.9077550,85,"[""ICU""]",true,2026-10-02 09:12:53.052426+00,N,Private,80,25152332,true
bcb4ffc8-6974-4f09-896f-5d6791621b55,Raj Nursing Home,"Pushpa Park, Malad East",19.1867193,72.8485884,72,"[""Emergency"",""Trauma Care"",""ICU""]",true,2026-10-02 09:12:54.370461+00,P/N,Private,20,9820132118,true
be004ee7-1f6e-4919-bdc0-ebd15ffbd49e,"Bhagwati Hospital, Borivali","Mandapeshwar, Borivali West",19.2287950,72.8563040,77,"[""Emergency"",""Trauma Care""]",true,2026-10-02 09:12:55.691502+00,R/N,Municipal,500,28932461/62/63,true
be05be79-6fbe-4f70-9e23-2260630f8aee,Gaurav Maternity and Surgical Hospital,"Jaydev Singh Nagar, Bhandup West",19.0549990,72.8692035,48,"[""Trauma Care"",""ICU"",""Emergency""]",true,2026-10-02 09:13:00.176445+00,S,Private,17,9821391780/02225949194,true
c01ed17b-367a-41c0-a8c8-649986ae76e3,"Ashvini Nursing & Maternity Home, Dadar (E)","Dadasaheb Phalke Road, Dadar East",19.5000000,76.0000000,42,"[""ICU"",""Trauma Care""]",true,2026-10-02 09:12:28.749401+00,F/S,Private,6,"24151340, 24179978",true
c169a2ac-3e55-4ea1-8969-45c37954a21a,Dr. Ajmera Hospital,SV Road,19.1854610,72.9662560,18,"[""Trauma Care""]",true,2026-10-02 09:12:57.746974+00,R/C,Private,18,2.81E+17,true
c16e0cad-f071-4184-b3f5-aadf778cc6be,Wellcare Hospital,"Kalina, Santacruz East",19.0780040,72.8630200,86,"[""Emergency"",""Trauma Care""]",true,2026-10-02 09:12:35.328433+00,H/E,Private,18,9892969813,true
c30bca52-cd3a-4d32-9765-5f569297328b,Rajawadi Hospital,"Rajawadi Colony, Ghatkopar East",19.0769133,72.9022341,34,"[""ICU""]",true,2026-10-02 09:12:52.750645+00,N,Municipal,596,"2102 4150, 2102 4151/2/3",true
c31df61f-aa1c-4b67-bab7-044fd66425f4,Maa Hospital,"Ramakrishna Chemburkar Marg, Chembur East",19.0575748,72.8953027,71,"[""Trauma Care"",""Emergency""]",true,2026-10-02 09:12:46.755771+00,M/E,Municipal,74,25220333/34,true
c32276e8-08cf-4e8f-b112-6e0cea7efc3c,Seven Hills Hospital,"Marol,  Andheri East",19.1176580,72.8782610,90,"[""Trauma Care"",""Emergency""]",true,2026-10-02 09:12:40.96598+00,K/E,Private,350,"67676766, 9769992945",true
c4ad2a54-2bcb-4a1b-af45-6c9464e413f1,Paramount Nursing Home,"Andheri Kurla Road, Andheri East",19.1158835,72.8542020,81,"[""ICU"",""Trauma Care""]",true,2026-10-02 09:12:46.082102+00,L,Private,55,28590064,true
c5134921-be17-4dc6-9aec-7c50330f3f50,Sobti Hospital,"Ambedkar Road, Matunga East",19.0141265,72.8502975,11,"[""Emergency""]",true,2026-10-02 09:12:27.520926+00,F/S,Private,11,24159096,true
c5aa5e2c-2c8b-454c-8fc6-0e114fc7c343,Sprash Children Hospital,"Acharya Donde Marg, Parel",19.0076083,72.8360903,37,"[""Emergency"",""Trauma Care""]",true,2026-10-02 09:12:29.893515+00,F/S,Private,26,9820154966,true
c72c8411-58dc-4bdc-a626-040bcf488f98,Haji Karim Maternity and Child Care,"Mohammed Ali Rd, Masjid Banda",18.9506810,72.8346470,20,"[""Emergency"",""ICU""]",true,2026-10-02 09:12:23.99984+00,B,Private ,14,"2341130, 8879007713",true
c7ce0aeb-9c7c-4f91-94db-3da9b67d5e83,M H Saboo Siddique Hospital,"Imamwada Road, Opp. Mughal Masjid",18.9593800,72.8334620,90,"[""Emergency""]",true,2026-10-02 09:12:23.855462+00,B,Private ,95,23767343 Dr Nasir 98223231077,true
c7ce3cf1-ea14-444e-8cdc-b2d10a4c299e,Mata Balak Maternity Home,"Siddharth Nagar, Kandivali",19.0549990,72.8692035,39,"[""Emergency""]",true,2026-10-02 09:12:58.529748+00,R/C,Private,70,9892014360,true
c82e1781-8b51-4869-b26b-ef5ca09b71bd,Sushrut Hospital & Research Centre,"Swastik Park, Chembur (East)",19.0549990,72.8692035,71,"[""Emergency"",""ICU""]",true,2026-10-02 09:12:50.24505+00,M/W,Municipal,70,2.53E+15,true
ca6cda00-9122-4a6a-8eb3-36354415343a,Asha Pediatric Hospital,"Vidya Nagari, Kalina, Santacruz East",18.4053561,76.5651579,58,"[""ICU"",""Trauma Care""]",true,2026-10-02 09:12:35.216885+00,H/E,Private,8,9773760367,true
cc454a23-62a3-4fc9-baa3-299cc421cccb,Markar Hospital,"Sanduwadi, Chembur",19.0694023,72.8306535,90,"[""ICU"",""Emergency""]",true,2026-10-02 09:12:52.126811+00,M/W,Private,15,25277576,true
cc491277-4286-450e-ad95-af1914de7a78,Sunny Hospital,"Sunny Estate, Chembur",19.0548180,72.8979713,84,"[""ICU"",""Trauma Care""]",true,2026-10-02 09:12:52.415828+00,M/W,Private,20,"25225745, 25293013",true
cd5b047a-5c3e-425c-9eaf-be52933baa02,"Life Care Nursing Home, Sewree","Rafi Ahmed Kidwai Rd, Sewri West",19.0045750,72.8544240,82,"[""Emergency"",""Trauma Care""]",true,2026-10-02 09:12:28.340906+00,F/S,Private,15,"24102224, 9867841503",true
cf3d855b-884d-480d-9023-d52c1f151175,Karuna Hospital,"LIC Colony Rd, Borivali West",19.0549990,72.8692035,24,"[""ICU"",""Trauma Care""]",true,2026-10-02 09:12:55.853508+00,R/N,Trust,156,"28934698, 61594698",true
d06f29d3-e5d3-41d6-9ed6-4a3074bad658,Mangala Hospital,"Bamandaya pada, Andheri East",19.1158835,72.8542020,82,"[""ICU"",""Emergency""]",true,2026-10-02 09:12:42.051987+00,K/E,Private,46,022-29250544,true
d0b04420-5200-4b6a-b570-d7486950d306,GM Medical Centre,"S.V. Road, Khar (W)",19.0713651,72.8373299,71,"[""Emergency""]",true,2026-10-02 09:12:39.556895+00,H/W,Private,22,9323466267,true
d138b384-d78d-4f17-98a2-2c16cbfdbe62,RCF Hospital,"Aziz Baug, Chembur East",19.0405670,72.8972520,20,"[""Trauma Care"",""Emergency""]",true,2026-10-02 09:12:47.27104+00,M/E,Government,150,25563137,true
d1cec44f-c831-471b-b9c5-81eca59a1794,Vaidya Hospital,"Film City Road, Goregaon",19.9163020,77.0361920,84,"[""Emergency""]",true,2026-10-02 09:12:55.182809+00,P/S,Private,10,2849 2201,true
d1d983c6-8c48-4f35-bb7f-02f3c25206ce,BSES Municipal Gen Hospital,"Lohana Colony, Andheri West",19.0277168,72.8914397,57,"[""Trauma Care""]",true,2026-10-02 09:12:43.424103+00,K/W,Municipal,100,26283557 9930366512,true
d2dbff24-57c3-42da-b2f7-6275e4b9f393,Kohinoor Hospital,"Lal Bahadur Shastri Marg, Kurla West",19.0816540,72.8816381,61,"[""Emergency"",""ICU"",""Trauma Care""]",true,2026-10-02 09:12:45.42287+00,L,Private,35,9022252267,true
d443d831-eec9-4505-a68d-66a27ff08bd1,Ever Shine Nursing Home,"New Link Road, Malad West",19.1851346,72.8353721,48,"[""Trauma Care""]",true,2026-10-02 09:12:54.597423+00,P/N,Private,25,9867317681,true
d4a39abc-5e9d-4814-8862-b027a6e2128a,Siddhi Nursing Home,"Sahar Road, Andheri East",19.1155449,72.8473272,74,"[""Trauma Care"",""ICU"",""Emergency""]",true,2026-10-02 09:12:37.69519+00,H/E,Private,5,9821223642,true
d4a9fbc6-d646-44dc-a30f-7af0be0692b1,Dr Badwaik Hospital,"Bhandup Village Rd, Nahur West",19.1523238,72.9404824,66,"[""Trauma Care"",""Emergency""]",true,2026-10-02 09:13:00.333814+00,S,Private,28,25661297,true
d4f755b3-9f28-4ae5-b287-d2aafec85b05,Veena Nursing Home,"Poddar Rd, Malad East",19.1860851,72.8548655,29,"[""Emergency""]",true,2026-10-02 09:12:54.142512+00,P/N,Private,25,9821225471,true
d5c896ef-17db-4950-b77d-5899dcafc453,Powai Polyclinic and Hospital,"Near South Indian Bank, Powai",19.0549990,72.8692035,63,"[""Emergency""]",true,2026-10-02 09:13:00.547156+00,S,Private,25,9820102602/022257807,true
d615a9f7-c35e-4579-9e68-edbe64ab28dd,Sir H.N.Hospital & Research Centre,Girgaon,18.9410107,72.8274254,33,"[""Trauma Care"",""Emergency""]",true,2026-10-02 09:12:24.667874+00,D,Private ,350,7718830485/9958063262,true
d806f1a1-1127-45da-b728-8948e89ac0cd,Pali Nursing Home,"Manuel Gonsalves Rd, Bandra West",19.0572875,72.8297737,23,"[""ICU""]",true,2026-10-02 09:12:39.399963+00,H/W,Private,12,"26420372, 26426778",true
da8d4e5c-c76a-4db8-ad98-83364074cbc2,Bhatia Hospital Multidisciplinary,"Tardeo Road,",18.9705541,72.8213458,89,"[""Trauma Care""]",true,2026-10-02 09:12:24.306839+00,D,Private ,155,9820276222/8879788180,true
dbdea2dc-f290-4564-825a-b0470badf93a,Shree Nursing Home,"Pathare Prabhu Gokhale Road, Dadar West",19.0207890,72.8371070,72,"[""Emergency"",""Trauma Care""]",true,2026-10-02 09:12:31.683719+00,G/N,Private,53,24339292/9821054985,true
dc3e7c23-712a-42f8-92f4-1adf77c0dbb4,Nova Medical Centre,"Swastik Chamber,Chembur",19.0548180,72.8979713,61,"[""Trauma Care"",""ICU""]",true,2026-10-02 09:12:47.848478+00,M/E,Private,16,43344600,true
dd1b4710-2c0d-4bd7-a058-25f7b2bcf4ba,Swastik Hospital,"Swastik Park, Chembur",19.0548180,72.8979713,70,"[""Trauma Care"",""Emergency""]",true,2026-10-02 09:12:52.597057+00,M/W,Private,29,66841234 9820028557,true
dd385fbe-6b06-4f5f-97ce-f2e62c4cb9a4,Shri Mangal Nursing Home,"Besant Rd, Santacruz West",19.0834377,72.8397088,69,"[""Emergency"",""Trauma Care""]",true,2026-10-02 09:12:40.03349+00,H/W,Private,22,"26465768, 9820214492",true
ddc56bd6-c7b0-4e1f-934a-3dcc397c2179,Sushrusha Hospital,"Shreenat Plaza L.T Road, Mulund East",19.1706600,72.9598280,43,"[""ICU"",""Emergency"",""Trauma Care""]",true,2026-10-02 09:13:01.482067+00,T,Private,20,"21639361, 21639365",true
de76f42c-85ba-473f-98bf-2c33b8e75af7,Dr. Das Hospital,"Chembur Gaothan, Chembur",19.0576490,72.8981870,20,"[""Trauma Care"",""ICU""]",true,2026-10-02 09:12:49.694758+00,M/W,Municipal,45,25281960/25282101,true
debd73db-0693-448c-91df-8bf44c602282,Ashirwad Hospital & Polyclinic,"Ghatla, Chembur",19.0521558,72.9092518,83,"[""ICU"",""Emergency"",""Trauma Care""]",true,2026-10-02 09:12:51.266961+00,M/W,Private,20,25211951/67988590/25,true
dedcdb85-7808-4b97-9926-3c3bde06d06a,Sanghvi Hospital,Lokhandwala Complex,19.0549990,72.8692035,59,"[""Emergency"",""ICU""]",true,2026-10-02 09:12:41.474019+00,K/E,Private,2,66951210,true
df0f7f1f-23c1-4666-9294-fd1e99b27c13,Shanti Nursing Home,"Santosh Nagar, Bandra West",19.0898651,72.9083754,57,"[""Emergency"",""ICU"",""Trauma Care""]",true,2026-10-02 09:12:40.180666+00,H/W,Private,19,"26421144, 26423563",true
e1f35781-cad4-4a82-86cf-0df79113df5a,Mangalmurti Hospital,"Malwani Police Station Road, Malad West",19.1286204,72.9354321,45,"[""ICU""]",true,2026-10-02 09:12:56.944529+00,R/S,Private,25,"28691232, 28693958",true
e32ad874-d04c-47f3-8628-1c6e5b260c86,Kolekar Hospital,"Ambedkar Garden, Chembur",19.0599570,72.9005909,25,"[""ICU"",""Trauma Care""]",true,2026-10-02 09:12:51.685729+00,M/W,Private,50,"25201157, 25201180",true
e38513db-64b6-481d-b69c-f94972ce4a75,JC Diagnostic Centre,"Ganapatrao Kadam Marg, Worli Naka",19.0086057,72.8192741,31,"[""ICU"",""Trauma Care"",""Emergency""]",true,2026-10-02 09:12:32.966623+00,G/S,Private,15,24922542/24946374,true
e6ef4b29-1ac7-48cd-a1ba-6ad7c4eaebad,Krantijyoti Savitribai Phule Maternity Home,"L.B.S, Maruti Mandir Road",18.9593150,72.8264200,70,"[""Trauma Care"",""ICU"",""Emergency""]",true,2026-10-02 09:12:57.567442+00,R/C,Municipal,40,2.87E+15,true
e7ca5092-07e6-4df8-9a4a-625d18208fb7,Dr Prabhu Eye Clinic and Nursing Home,"Joshi Vadi, Mahim West",19.0549990,72.8692035,14,"[""ICU"",""Trauma Care""]",true,2026-10-02 09:12:31.332583+00,G/N,Private,9,"24303346, 9892289882",true
e9443a6a-3574-4890-9a08-9f5bb6898ed8,Prerna Nursing Home,"Gomes co-op housing society, Santacruz East",19.1917377,72.8319941,22,"[""Trauma Care"",""Emergency"",""ICU""]",true,2026-10-02 09:12:36.836518+00,H/E,Private,6,8097719926,true
e95e70e9-5fe8-485e-b408-8a070041a335,Mahavir Medical Research Centre,"Ahimsa Marg, Khar West",19.0722250,72.8302340,88,"[""Trauma Care"",""ICU"",""Emergency""]",true,2026-10-02 09:12:39.694301+00,H/W,Private,49,2.60E+15,true
ec01760d-8b38-4efd-920d-cdf7f7e3f90c,Goel Hospital,"J B Nagar, Andheri East",19.1100591,72.8642115,35,"[""Trauma Care""]",true,2026-10-02 09:12:43.130222+00,K/E,Private,43,9820044753,true
ec110613-8e67-4a66-8189-fae5abd94331,Apollo Speciaity Hospitals Pvt Ltd,"Behind Everest Building, Tardeo",18.9739790,72.8142780,41,"[""ICU"",""Emergency""]",true,2026-10-02 09:12:24.959364+00,D,Private ,24,9845381818,true
edff6568-5414-43cf-aa37-afe16fa3cd2a,Gandhi Nursing Home,"Mandpeshwar Road, Borivali West",19.2473280,72.8548080,11,"[""ICU""]",true,2026-10-02 09:12:56.321967+00,R/N,Private,15,2895 4255,true
ee34a780-fb26-487c-9e11-53355bb4543a,ESIS Hospital,Kandivali,19.1800050,72.9446040,37,"[""ICU"",""Emergency"",""Trauma Care""]",true,2026-10-02 09:12:56.806353+00,R/S,Government,85,"28877501, 9821253642",true
f0c2af64-9ed3-4b26-899e-e074e5796eb9,Habib Hospital,"Jail Road, Near Imam Husain Chowk",19.1989020,72.9806540,70,"[""Emergency"",""ICU"",""Trauma Care""]",true,2026-10-02 09:12:23.567245+00,B,Private ,76,"23757573, 23788100",true
f0f846ab-3f0e-4627-be55-45c4162702cb,Sherekar Nursing Home,"Kalina, Santacruz East",19.1917377,72.8319941,62,"[""Trauma Care"",""ICU"",""Emergency""]",true,2026-10-02 09:12:37.567968+00,H/E,Private,8,8425861696,true
f27a775e-cc34-45d1-92a3-8cf5dc56de3a,Sewree Nursing Home,"Rafi Ahmed Kidwai Rd, Sewri West",19.0045750,72.8544240,10,"[""Trauma Care""]",true,2026-10-02 09:12:27.90449+00,F/S,Private,20,24189792,true
f3d6c058-5c78-4877-bed7-a7cc2530db42,Aanand Nursing Home,"Near Sona Theater, Borivali",19.2146669,72.8454532,28,"[""ICU"",""Trauma Care"",""Emergency""]",true,2026-10-02 09:12:58.097892+00,R/C,Private,20,2.90E+15,true
f42fe9ff-ec91-4648-a1a5-1eee55107fed,Sanjeevani Hospital,"Near Ravindra Hotel, Dahisar",19.0549990,72.8692035,18,"[""ICU""]",true,2026-10-02 09:12:56.152263+00,R/N,Private,15,2828 3212,true
f4c6a49b-0b29-4c28-aea5-79675ff48df1,Sai Sanjeevani Hospital,"Shastri Colony, Santacruz East",14.4553500,79.9865010,88,"[""Emergency"",""Trauma Care"",""ICU""]",true,2026-10-02 09:12:37.312291+00,H/E,Private,18,7021485474,true
f57a7c8f-0ebb-4740-90a4-5bcc1b48405b,Amarnath Children Hospital,"Sion - Trombay Rd, Chembur",19.0723950,72.9044530,61,"[""Trauma Care"",""Emergency""]",true,2026-10-02 09:12:51.105765+00,M/W,Private,12,"25212337, 9821020598",true
f6f06000-cade-4c44-b007-4742896c9cf9,Prashanti Medical Centre and Nursing Home,"Kalina, Santacruz East",23.0477513,72.5626641,73,"[""Trauma Care""]",true,2026-10-02 09:12:36.560609+00,H/E,Private,10,9892686474,true
f71aa968-db2d-49b5-829d-c2369758b3db,Disha Polyclinic & Nursing Home,"Opposite Bmc M Ward Office, Chembur",19.0610248,72.8996556,25,"[""ICU""]",true,2026-10-02 09:12:51.528138+00,M/W,Private,35,25274260,true
f830cde0-5cf4-4b65-a9d7-585dce0195c0,Deepak Sheth Nursing Home,"Sen Nagar, Santacruz East",19.0888480,72.8479720,58,"[""Trauma Care""]",true,2026-10-02 09:12:35.817945+00,H/E,Private,6,9892983437,true
faf9ffb3-95a4-47d8-b621-c850b0babb68,Dr. Shanbaug Children Hospital,"Merwanji Road, Parel",19.0017970,72.8403340,73,"[""ICU"",""Trauma Care"",""Emergency""]",true,2026-10-02 09:12:29.591443+00,F/S,Private,3,9833586719,true
fd0718bf-7f9b-4d40-8af6-ed2049add9ea,Dattatray Nursing Home,"Vakola, Santacruz East",19.1917377,72.8319941,26,"[""ICU"",""Trauma Care"",""Emergency""]",true,2026-10-02 09:12:35.710129+00,H/E,Private,25,9821517451,true
fdc3fbe9-6c5a-4706-8906-61442633cf69,Mahatma Gandhi Seva Mandir,"S.V. Road, Bandra West",19.1101296,72.8741844,14,"[""ICU"",""Emergency"",""Trauma Care""]",true,2026-10-02 09:12:40.505495+00,H/W,Private,20,"26551752, 26558458",true
fe3db340-ed11-40e0-a809-8d27a6372a77,Kasturba Hospital,"Sane Guruji Marg, Arya Nagar, Chinchpokli",18.9871984,72.8326716,88,"[""ICU"",""Trauma Care""]",true,2026-10-02 09:12:25.108717+00,E,Municipal,515,23083901,true